b_NaCl;b_KCl2;b_CaCl2;p;T;eta;rho;lambda
0;0;0;1;293.14999999999998;0.001001605894416193;998.20548637769662;0.59953615450523956
0.10019;0;0;1;293.14999999999998;0.0010099634394472722;1002.3855054154288;0.59953615450523956
0.20080000000000001;0;0;1;293.14999999999998;0.0010185698288284442;1006.5210804998238;0.59953615450523956
0.40001999999999999;0;0;1;293.14999999999998;0.001036252763474391;1014.5749696580009;0.59953615450523956
0.70133000000000001;0;0;1;293.14999999999998;0.0010646523191386727;1026.4633680871157;0.59953615450523956
0.99914000000000003;0;0;1;293.14999999999998;0.0010947396022873766;1037.9018859657772;0.59953615450523956
1.4993000000000001;0;0;1;293.14999999999998;0.0011499798879089783;1056.473885446773;0.59953615450523956
2.0027900000000001;0;0;1;293.14999999999998;0.0012118692798274962;1074.4229622093442;0.59953615450523956
2.9996700000000001;0;0;1;293.14999999999998;0.001354581923165602;1107.9797766599265;0.59953615450523956
3.99396;0;0;1;293.14999999999998;0.0015264892546132222;1139.167186728582;0.59953615450523956
4.9968899999999996;0;0;1;293.14999999999998;0.0017335105795780765;1168.7125617806;0.59953615450523956
5.9980000000000002;0;0;1;293.14999999999998;0.0019776082274488775;1196.6761489182506;0.59953615450523956
0;0;0;1;293.14999999999998;0.001001605894416193;998.20548637769662;0.59953615450523956
0;0;0.051290000000000002;1;293.14999999999998;0.0010191696316011122;1002.9214846707731;0.59953615450523956
0;0;0.097220000000000001;1;293.14999999999998;0.0010332376106889499;1007.0810596861779;0.59953615450523956
0;0;0.17852000000000001;1;293.14999999999998;0.001057939631374627;1014.3522029905769;0.59953615450523956
0;0;0.38279000000000002;1;293.14999999999998;0.0011212640899028641;1032.233927218894;0.59953615450523956
0;0;0.75322999999999996;1;293.14999999999998;0.0012448631547192365;1063.5333871309551;0.59953615450523956
0;0;1.5666899999999999;1;293.14999999999998;0.0015763905659605265;1127.9246426290701;0.59953615450523956
0;0;2.1438600000000001;1;293.14999999999998;0.0018837764880765384;1170.2895326498076;0.59953615450523956
0;0;2.81501;1;293.14999999999998;0.0023510418442711546;1216.2796900205155;0.59953615450523956
0;0;3.9883500000000001;1;293.14999999999998;0.0036199630851785269;1288.6893563996475;0.59953615450523956
0;0;4.5321300000000004;1;293.14999999999998;0.0045135385770874604;1318.9901167157057;0.59953615450523956
0;0;5.3151799999999998;1;293.14999999999998;0.0063280803243750596;1359.2265615132542;0.59953615450523956
0.085457000000000005;0;0.085682999999999995;1;293.14999999999998;0.0010356972230842749;1009.5932729863409;0.59953615450523956
0.32490400000000003;0;0.32864900000000002;1;293.14999999999998;0.0011333119840262183;1040.6431267278388;0.59953615450523956
0.64595000000000002;0;0.64890899999999996;1;293.14999999999998;0.0012818390801925192;1079.9587814876834;0.59953615450523956
1.272553;0;1.2662059999999999;1;293.14999999999998;0.0016684576315581939;1150.9511157410752;0.59953615450523956
2.2426300000000001;0;2.2378870000000002;1;293.14999999999998;0.0027685746643776907;1250.0125607093703;0.59953615450523956
0.33246300000000001;0;0.33268999999999999;1;293.14999999999998;0.001135374031258777;1041.29002695798;0.59953615450523956
0.69479599999999997;0;0.69464099999999995;1;293.14999999999998;0.0013057780935286523;1085.531963891124;0.59953615450523956
0.98872099999999996;0;0.98692899999999995;1;293.14999999999998;0.0014736748591040864;1119.6128589508069;0.59953615450523956
1.267037;0;1.263997;1;293.14999999999998;0.0016660670532774751;1150.5966800625586;0.59953615450523956
1.6359049999999999;0;1.632679;1;293.14999999999998;0.0019888337195876175;1189.8902032016319;0.59953615450523956
1.889815;0;1.8906289999999999;1;293.14999999999998;0.0022737529647364999;1216.0246713947729;0.59953615450523956
0.19401399999999999;0;0.387513;1;293.14999999999998;0.0011400195598665593;1040.5035625770449;0.59953615450523956
0.38322600000000001;0;0.766185;1;293.14999999999998;0.001293393472046824;1079.6089866585148;0.59953615450523956
0.58968299999999996;0;1.177937;1;293.14999999999998;0.0014947596336217944;1120.1172597112086;0.59953615450523956
0.76693900000000004;0;1.5341590000000001;1;293.14999999999998;0.0017080313658280231;1153.5093942850092;0.59953615450523956
0.94906800000000002;0;1.898666;1;293.14999999999998;0.001976443390418798;1186.2314726230497;0.59953615450523956
1.1296170000000001;0;2.2585099999999998;1;293.14999999999998;0.0023072556848504565;1217.1464098622703;0.59953615450523956
0.50051999999999996;0;0.25022800000000001;1;293.14999999999998;0.0011250110178150287;1040.7637327016901;0.59953615450523956
1.000532;0;0.50026899999999996;1;293.14999999999998;0.0012708080026535063;1080.867547138909;0.59953615450523956
1.494273;0;0.747112;1;293.14999999999998;0.0014482353096519054;1118.4646112998864;0.59953615450523956
1.9639359999999999;0;0.98199899999999996;1;293.14999999999998;0.0016584477990730202;1152.5273159972917;0.59953615450523956
2.434396;0;1.2172419999999999;1;293.14999999999998;0.0019231103782549363;1185.0739214669641;0.59953615450523956
2.904099;0;1.452061;1;293.14999999999998;0.0022593938858942396;1216.0832122965674;0.59953615450523956
0.60578500000000002;0;0.20195099999999999;1;293.14999999999998;0.0011198511894603223;1040.6648493842838;0.59953615450523956
1.203891;0;0.40130100000000002;1;293.14999999999998;0.0012595532803192928;1080.0752991137031;0.59953615450523956
1.801202;0;0.60044500000000001;1;293.14999999999998;0.0014322113657448371;1117.3353235510708;0.59953615450523956
2.3865910000000001;0;0.79551000000000005;1;293.14999999999998;0.0016439609003449345;1151.973249919854;0.59953615450523956
2.962269;0;0.98746400000000001;1;293.14999999999998;0.0019069549159241622;1184.3715855768539;0.59953615450523956
3.5288110000000001;0;1.1762919999999999;1;293.14999999999998;0.0022352424240348738;1214.7439836522487;0.59953615450523956
0.381608;0;0.31434000000000001;1;293.14999999999998;0.0011341852587918361;1041.6461518766741;0.59953615450523956
0.75584099999999999;0;0.62238599999999999;1;293.14999999999998;0.0012858028087190025;1081.8895431563731;0.59953615450523956
1.120155;0;0.92249999999999999;1;293.14999999999998;0.0014660927930724339;1119.2212133092837;0.59953615450523956
1.4715879999999999;0;1.211921;1;293.14999999999998;0.0016811243974778345;1153.5995676327573;0.59953615450523956
1.8223510000000001;0;1.50071;1;293.14999999999998;0.0019495409365213646;1186.3911710416805;0.59953615450523956
2.1687569999999998;0;1.7860670000000001;1;293.14999999999998;0.0022855947729554359;1217.3641721041499;0.59953615450523956
1.2008540000000001;0;0;1;293.14999999999998;0.0011162935021254469;1045.4850867053985;0.59953615450523956
2.3997869999999999;0;0;1;293.14999999999998;0.0012653716294683866;1088.0868170682206;0.59953615450523956
3.5929959999999999;0;0;1;293.14999999999998;0.0014533823088581442;1126.8393507575558;0.59953615450523956
4.7811979999999998;0;0;1;293.14999999999998;0.0016859466940101152;1162.5010250229313;0.59953615450523956
5.9617810000000002;0;0;1;293.14999999999998;0.0019680830280620412;1195.6867066446505;0.59953615450523956
0;0;1.240167;1;293.14999999999998;0.0014313982226998212;1102.7570799888686;0.59953615450523956
0;0;2.3761890000000001;1;293.14999999999998;0.0020301412168254561;1186.600397863155;0.59953615450523956
0;0;3.4164460000000001;1;293.14999999999998;0.0029112510729357556;1254.6286934952273;0.59953615450523956
0;0;4.3742989999999997;1;293.14999999999998;0.0042280499458814506;1310.3996330804414;0.59953615450523956
0;0;5.2621969999999996;1;293.14999999999998;0.0061812042693049985;1356.6261443806495;0.59953615450523956
0;0;0;1;298.14999999999998;0.00089008251757220639;997.04743540809613;0.60751832836072628
0.10019;0;0;1;298.14999999999998;0.00089779249947447503;1001.1766266382954;0.60751832836072628
0.20080000000000001;0;0;1;298.14999999999998;0.00090571625447023307;1005.2613295221204;0.60751832836072628
0.40001999999999999;0;0;1;298.14999999999998;0.00092195096077148054;1013.2170018031683;0.60751832836072628
0.70133000000000001;0;0;1;298.14999999999998;0.00094791281630759745;1024.9649340360679;0.60751832836072628
0.99914000000000003;0;0;1;298.14999999999998;0.00097529179056354159;1036.2750055878466;0.60751832836072628
1.4993000000000001;0;0;1;298.14999999999998;0.0010252927539377884;1054.6547111778805;0.60751832836072628
2.0027900000000001;0;0;1;298.14999999999998;0.0010809954990075605;1072.4385675128551;0.60751832836072628
2.9996700000000001;0;0;1;298.14999999999998;0.0012085617164620365;1105.741663144322;0.60751832836072628
3.99396;0;0;1;298.14999999999998;0.0013611654129932027;1136.7506762523437;0.60751832836072628
4.9968899999999996;0;0;1;298.14999999999998;0.0015440133567145107;1166.1602654434316;0.60751832836072628
5.9980000000000002;0;0;1;298.14999999999998;0.0017588570518597942;1193.9985430556253;0.60751832836072628
0;0;0;1;298.14999999999998;0.00089008251757220639;997.04743540809613;0.60751832836072628
0;0;0.051290000000000002;1;298.14999999999998;0.00090567388596459809;1001.7338869255465;0.60751832836072628
0;0;0.097220000000000001;1;298.14999999999998;0.00091816042633758601;1005.8654472680764;0.60751832836072628
0;0;0.17852000000000001;1;298.14999999999998;0.00094008326457531595;1013.0858432797987;0.60751832836072628
0;0;0.38279000000000002;1;298.14999999999998;0.00099627049237415843;1030.8393115258978;0.60751832836072628
0;0;0.75322999999999996;1;298.14999999999998;0.0011058890296197616;1061.916435108174;0.60751832836072628
0;0;1.5666899999999999;1;298.14999999999998;0.0013996342271278659;1125.899397494778;0.60751832836072628
0;0;2.1438600000000001;1;298.14999999999998;0.0016717009679035992;1168.048611257268;0.60751832836072628
0;0;2.81501;1;298.14999999999998;0.00208488721931205;1213.8603239841577;0.60751832836072628
0;0;3.9883500000000001;1;298.14999999999998;0.0032052989011545989;1286.1042762768157;0.60751832836072628
0;0;4.5321300000000004;1;298.14999999999998;0.0039933113924927616;1316.368401330923;0.60751832836072628
0;0;5.3151799999999998;1;298.14999999999998;0.005591935933593804;1356.5660641683901;0.60751832836072628
0.085457000000000005;0;0.085682999999999995;1;298.14999999999998;0.00092059307002266653;1008.3411252649024;0.60751832836072628
0.32490400000000003;0;0.32864900000000002;1;298.14999999999998;0.0010078839264561082;1039.1148938616948;0.60751832836072628
0.64595000000000002;0;0.64890899999999996;1;298.14999999999998;0.0011404259051155327;1078.0730967024126;0.60751832836072628
1.272553;0;1.2662059999999999;1;298.14999999999998;0.0014841540037304035;1148.4441304694456;0.60751832836072628
2.2426300000000001;0;2.2378870000000002;1;298.14999999999998;0.0024565389078410995;1246.767960758953;0.60751832836072628
0.33246300000000001;0;0.33268999999999999;1;298.14999999999998;0.0010097337111199904;1039.7554183856009;0.60751832836072628
0.69479599999999997;0;0.69464099999999995;1;298.14999999999998;0.0011617635669080083;1083.5955566061998;0.60751832836072628
0.98872099999999996;0;0.98692899999999995;1;298.14999999999998;0.0013111779011920242;1117.3736781250336;0.60751832836072628
1.267037;0;1.263997;1;298.14999999999998;0.0014820287114673657;1148.0930441174182;0.60751832836072628
1.6359049999999999;0;1.632679;1;298.14999999999998;0.0017679923626813753;1187.0716189098473;0.60751832836072628
1.889815;0;1.8906289999999999;1;298.14999999999998;0.0020198925803041586;1213.0122884937803;0.60751832836072628
0.19401399999999999;0;0.387513;1;298.14999999999998;0.0010134729487367672;1039.0048051335611;0.60751832836072628
0.38322600000000001;0;0.766185;1;298.14999999999998;0.0011499979717867776;1077.7826905565341;0.60751832836072628
0.58968299999999996;0;1.177937;1;298.14999999999998;0.0013289332478552249;1117.9615737268641;0.60751832836072628
0.76693900000000004;0;1.5341590000000001;1;298.14999999999998;0.0015181279211439155;1151.0970263436257;0.60751832836072628
0.94906800000000002;0;1.898666;1;298.14999999999998;0.0017558672102538832;1183.5842381529385;0.60751832836072628
1.1296170000000001;0;2.2585099999999998;1;298.14999999999998;0.0020484142774902054;1214.2949642993703;0.60751832836072628
0.50051999999999996;0;0.25022800000000001;1;298.14999999999998;0.0010009809898425585;1039.1995923210229;0.60751832836072628
1.000532;0;0.50026899999999996;1;298.14999999999998;0.0011314627084146041;1078.9149615297777;0.60751832836072628
1.494273;0;0.747112;1;298.14999999999998;0.0012896378905811723;1116.1613403811921;0.60751832836072628
1.9639359999999999;0;0.98199899999999996;1;298.14999999999998;0.0014764242061510854;1149.9243006351091;0.60751832836072628
2.434396;0;1.2172419999999999;1;298.14999999999998;0.001710919469306123;1182.2043713888029;0.60751832836072628
2.904099;0;1.452061;1;298.14999999999998;0.0020081201566911097;1212.9801627466863;0.60751832836072628
0.60578500000000002;0;0.20195099999999999;1;298.14999999999998;0.00099666716478290381;1039.0822215848377;0.60751832836072628
1.203891;0;0.40130100000000002;1;298.14999999999998;0.0011219086177310109;1078.1028645068664;0.60751832836072628
1.801202;0;0.60044500000000001;1;298.14999999999998;0.0012759564152413998;1115.0157926939416;0.60751832836072628
2.3865910000000001;0;0.79551000000000005;1;298.14999999999998;0.001464135649597734;1149.3557399273045;0.60751832836072628
2.962269;0;0.98746400000000001;1;298.14999999999998;0.0016970862210749541;1181.4994934418858;0.60751832836072628
3.5288110000000001;0;1.1762919999999999;1;298.14999999999998;0.0019870914550398603;1211.6548616091538;0.60751832836072628
0.381608;0;0.31434000000000001;1;298.14999999999998;0.0010088106400660524;1040.0987544890725;0.60751832836072628
0.75584099999999999;0;0.62238599999999999;1;298.14999999999998;0.0011442029485878853;1079.9687644571293;0.60751832836072628
1.120155;0;0.92249999999999999;1;298.14999999999998;0.0013047387565041299;1116.9620458947072;0.60751832836072628
1.4715879999999999;0;1.211921;1;298.14999999999998;0.0014957174848015057;1151.0425172036082;0.60751832836072628
1.8223510000000001;0;1.50071;1;298.14999999999998;0.0017335451842480571;1183.5667237647008;0.60751832836072628
2.1687569999999998;0;1.7860670000000001;1;298.14999999999998;0.0020306436624701846;1214.3053395305669;0.60751832836072628
1.2008540000000001;0;0;1;298.14999999999998;0.00099483850693616975;1043.7771560148617;0.60751832836072628
2.3997869999999999;0;0;1;298.14999999999998;0.0011289422712884439;1085.9905785034778;0.60751832836072628
3.5929959999999999;0;0;1;298.14999999999998;0.0012963761469761026;1124.4877143896745;0.60751832836072628
4.7811979999999998;0;0;1;298.14999999999998;0.0015020690575972321;1159.9758722234951;0.60751832836072628
5.9617810000000002;0;0;1;298.14999999999998;0.0017504832777999108;1193.0138566983633;0.60751832836072628
0;0;1.240167;1;298.14999999999998;0.0012712116383525203;1100.8811964027861;0.60751832836072628
0;0;2.3761890000000001;1;298.14999999999998;0.001801171491187652;1184.2893908062679;0.60751832836072628
0;0;3.4164460000000001;1;298.14999999999998;0.0025797827352529476;1252.1053289239705;0.60751832836072628
0;0;4.3742989999999997;1;298.14999999999998;0.0037416165989326488;1307.7870259693777;0.60751832836072628
0;0;5.2621969999999996;1;298.14999999999998;0.0054625986487557678;1353.9683647035972;0.60751832836072628
0;0;0;1;303.14999999999998;0.00079734535329365147;995.65146506838619;0.61501094492758246
0.10019;0;0;1;303.14999999999998;0.00080450080555955145;999.7373446705609;0.61501094492758246
0.20080000000000001;0;0;1;303.14999999999998;0.00081184137286701059;1003.7785800231555;0.61501094492758246
0.40001999999999999;0;0;1;303.14999999999998;0.00082684265431317184;1011.6503586445363;0.61501094492758246
0.70133000000000001;0;0;1;303.14999999999998;0.00085073723898647694;1023.2786621639065;0.61501094492758246
0.99914000000000003;0;0;1;303.14999999999998;0.00087582870406801346;1034.4798693283724;0.61501094492758246
1.4993000000000001;0;0;1;303.14999999999998;0.00092142250333247962;1052.6977072656787;0.61501094492758246
2.0027900000000001;0;0;1;303.14999999999998;0.0009719410678418975;1070.3435446231049;0.61501094492758246
2.9996700000000001;0;0;1;303.14999999999998;0.0010868672879080527;1103.4353065777075;0.61501094492758246
3.99396;0;0;1;303.14999999999998;0.0012234249979029999;1134.2911099306361;0.61501094492758246
4.9968899999999996;0;0;1;303.14999999999998;0.0013862424035009434;1163.5710897163615;0.61501094492758246
5.9980000000000002;0;0;1;303.14999999999998;0.0015769130075809956;1191.2693320069918;0.61501094492758246
0;0;0;1;303.14999999999998;0.00079734535329365147;995.65146506838619;0.61501094492758246
0;0;0.051290000000000002;1;303.14999999999998;0.00081129433898382121;1000.3143765507979;0.61501094492758246
0;0;0.097220000000000001;1;303.14999999999998;0.00082246405497300701;1004.4231383413351;0.61501094492758246
0;0;0.17852000000000001;1;303.14999999999998;0.00084207300434880272;1011.6017603315433;0.61501094492758246
0;0;0.38279000000000002;1;303.14999999999998;0.0008923195347478451;1029.2483095415878;0.61501094492758246
0;0;0.75322999999999996;1;303.14999999999998;0.00099030725814824557;1060.1378692765927;0.61501094492758246
0;0;1.5666899999999999;1;303.14999999999998;0.0012526478977274952;1123.7722618067187;0.61501094492758246
0;0;2.1438600000000001;1;303.14999999999998;0.0014953798216732084;1165.7350825619994;0.61501094492758246
0;0;2.81501;1;303.14999999999998;0.0018636721527215286;1211.3901816960779;0.61501094492758246
0;0;3.9883500000000001;1;303.14999999999998;0.0028608541622236429;1283.4816464791086;0.61501094492758246
0;0;4.5321300000000004;1;303.14999999999998;0.0035612898195468519;1313.7079649316563;0.61501094492758246
0;0;5.3151799999999998;1;303.14999999999998;0.0049808013786257956;1353.861541617588;0.61501094492758246
0.085457000000000005;0;0.085682999999999995;1;303.14999999999998;0.00082486111170553531;1006.8674804030369;0.61501094492758246
0.32490400000000003;0;0.32864900000000002;1;303.14999999999998;0.00090352410043052019;1037.4096879396568;0.61501094492758246
0.64595000000000002;0;0.64890899999999996;1;303.14999999999998;0.0010227289330474454;1076.0663626402995;0.61501094492758246
1.272553;0;1.2662059999999999;1;303.14999999999998;0.0013307693929374635;1145.9133004156042;0.61501094492758246
2.2426300000000001;0;2.2378870000000002;1;303.14999999999998;0.0021973565027013442;1243.6168749320882;0.61501094492758246
0.33246300000000001;0;0.33268999999999999;1;303.14999999999998;0.00090519622246448275;1038.0448262522575;0.61501094492758246
0.69479599999999997;0;0.69464099999999995;1;303.14999999999998;0.0010418981446422013;1081.5460022132738;0.61501094492758246
0.98872099999999996;0;0.98692899999999995;1;303.14999999999998;0.001175922748849023;1115.0686026787521;0.61501094492758246
1.267037;0;1.263997;1;303.14999999999998;0.0013288646848470017;1145.5650236822837;0.61501094492758246
1.6359049999999999;0;1.632679;1;303.14999999999998;0.001584285599703975;1184.2784973999262;0.61501094492758246
1.889815;0;1.8906289999999999;1;303.14999999999998;0.0018088295276605284;1210.0562395175741;0.61501094492758246
0.19401399999999999;0;0.387513;1;303.14999999999998;0.00090820068027081555;1037.3252825702284;0.61501094492758246
0.38322600000000001;0;0.766185;1;303.14999999999998;0.00103068554944709;1075.8264785799993;0.61501094492758246
0.58968299999999996;0;1.177937;1;303.14999999999998;0.0011909547247870487;1115.7260083580229;0.61501094492758246
0.76693900000000004;0;1.5341590000000001;1;303.14999999999998;0.0013601395485366189;1148.6433787414917;0.61501094492758246
0.94906800000000002;0;1.898666;1;303.14999999999998;0.0015724185315359666;1180.9308317583987;0.61501094492758246
1.1296170000000001;0;2.2585099999999998;1;303.14999999999998;0.0018332426619231902;1211.4677023026684;0.61501094492758246
0.50051999999999996;0;0.25022800000000001;1;303.14999999999998;0.00089776138888359727;1037.4628941443789;0.61501094492758246
1.000532;0;0.50026899999999996;1;303.14999999999998;0.0010154457340575272;1076.8514392612103;0.61501094492758246
1.494273;0;0.747112;1;303.14999999999998;0.0011575760649468556;1113.8038211336104;0.61501094492758246
1.9639359999999999;0;0.98199899999999996;1;303.14999999999998;0.0013248824065735618;1147.3163981258238;0.61501094492758246
2.434396;0;1.2172419999999999;1;303.14999999999998;0.0015343433509658914;1179.374279713237;0.61501094492758246
2.904099;0;1.452061;1;303.14999999999998;0.0017991741891272576;1209.9552464319379;0.61501094492758246
0.60578500000000002;0;0.20195099999999999;1;303.14999999999998;0.00089413849112809387;1037.3291368283856;0.61501094492758246
1.203891;0;0.40130100000000002;1;303.14999999999998;0.0010072855424454561;1076.02236940792;0.61501094492758246
1.801202;0;0.60044500000000001;1;303.14999999999998;0.0011458168122566884;1112.6454712120301;0.61501094492758246
2.3865910000000001;0;0.79551000000000005;1;303.14999999999998;0.0013143940496639017;1146.7376149304077;0.61501094492758246
2.962269;0;0.98746400000000001;1;303.14999999999998;0.00152241497863406;1178.6695338619147;0.61501094492758246
3.5288110000000001;0;1.1762919999999999;1;303.14999999999998;0.0017807168619647818;1208.642841907405;0.61501094492758246
0.381608;0;0.31434000000000001;1;303.14999999999998;0.00090448762486548145;1038.3770756370366;0.61501094492758246
0.75584099999999999;0;0.62238599999999999;1;303.14999999999998;0.0010263379978352931;1077.9323165165536;0.61501094492758246
1.120155;0;0.92249999999999999;1;303.14999999999998;0.0011704202252769092;1114.640507374176;0.61501094492758246
1.4715879999999999;0;1.211921;1;303.14999999999998;0.0013414020883801775;1148.4704991857805;0.61501094492758246
1.8223510000000001;0;1.50071;1;303.14999999999998;0.0015538444875515661;1180.7703136709411;0.61501094492758246
2.1687569999999998;0;1.7860670000000001;1;303.14999999999998;0.0018186715474424124;1211.312525897149;0.61501094492758246
1.2008540000000001;0;0;1;303.14999999999998;0.00089368467949551428;1041.9136257739326;0.61501094492758246
2.3997869999999999;0;0;1;303.14999999999998;0.0010152446711422425;1083.8025072100979;0.61501094492758246
3.5929959999999999;0;0;1;303.14999999999998;0.0011655430661937796;1122.0850491008114;0.61501094492758246
4.7811979999999998;0;0;1;303.14999999999998;0.0013489494977228466;1157.4142276393598;0.61501094492758246
5.9617810000000002;0;0;1;303.14999999999998;0.0015694895234109551;1190.2903149711685;0.61501094492758246
0;0;1.240167;1;303.14999999999998;0.0011379940989363242;1098.8821303401446;0.61501094492758246
0;0;2.3761890000000001;1;303.14999999999998;0.0016108233617594698;1181.9147322478341;0.61501094492758246
0;0;3.4164460000000001;1;303.14999999999998;0.0023043658804841106;1249.5412900405761;0.61501094492758246
0;0;4.3742989999999997;1;303.14999999999998;0.0033376303080196981;1305.1363526477726;0.61501094492758246
0;0;5.2621969999999996;1;303.14999999999998;0.0048660123933481529;1351.2669643055285;0.61501094492758246
0;0;0;1;313.14999999999998;0.00065297889557605919;992.22367824288426;0.62861919002547484
0.10019;0;0;1;313.14999999999998;0.00065923456078980269;996.24178482908326;0.62861919002547484
0.20080000000000001;0;0;1;313.14999999999998;0.00066563185840695562;1000.2145965178751;0.62861919002547484
0.40001999999999999;0;0;1;313.14999999999998;0.00067864657600784774;1007.9543120972775;0.62861919002547484
0.70133000000000001;0;0;1;313.14999999999998;0.00069923120947272847;1019.395216342902;0.62861919002547484
0.99914000000000003;0;0;1;313.14999999999998;0.00072068067609697985;1030.4273662453397;0.62861919002547484
1.4993000000000001;0;0;1;313.14999999999998;0.00075929826887422458;1048.3970897855231;0.62861919002547484
2.0027900000000001;0;0;1;313.14999999999998;0.00080165542146506681;1065.8346385110656;0.62861919002547484
2.9996700000000001;0;0;1;313.14999999999998;0.00089680116019327295;1098.6102869015529;0.62861919002547484
3.99396;0;0;1;313.14999999999998;0.0010083934253857791;1129.2253185621134;0.62861919002547484
4.9968899999999996;0;0;1;313.14999999999998;0.0011401921158058954;1158.2669231379728;0.62861919002547484
5.9980000000000002;0;0;1;313.14999999999998;0.0012935842866822502;1185.6568567159536;0.62861919002547484
0;0;0;1;313.14999999999998;0.00065297889557605919;992.22367824288426;0.62861919002547484
0;0;0.051290000000000002;1;313.14999999999998;0.00066436650870117049;996.85478050376855;0.62861919002547484
0;0;0.097220000000000001;1;313.14999999999998;0.00067348264117855262;1000.931148533938;0.62861919002547484
0;0;0.17852000000000001;1;313.14999999999998;0.00068948362908617981;1008.0489013614084;0.62861919002547484
0;0;0.38279000000000002;1;313.14999999999998;0.0007304703293207678;1025.5355720915882;0.62861919002547484
0;0;0.75322999999999996;1;313.14999999999998;0.00081034117343791487;1056.1385416890705;0.62861919002547484
0;0;1.5666899999999999;1;313.14999999999998;0.0010238226825555598;1119.2314812080601;0.62861919002547484
0;0;2.1438600000000001;1;313.14999999999998;0.001220965614731622;1160.9009855126644;0.62861919002547484
0;0;2.81501;1;313.14999999999998;0.0015195415384825564;1206.3050094850105;0.62861919002547484
0;0;3.9883500000000001;1;313.14999999999998;0.002325499008521162;1278.1325893795822;0.62861919002547484
0;0;4.5321300000000004;1;313.14999999999998;0.0028900702603503374;1308.2790600453507;0.62861919002547484
0;0;5.3151799999999998;1;313.14999999999998;0.0040316854402012332;1348.3204602148044;0.62861919002547484
0.085457000000000005;0;0.085682999999999995;1;313.14999999999998;0.00067579416702677031;1003.3258289225832;0.62861919002547484
0.32490400000000003;0;0.32864900000000002;1;313.14999999999998;0.00074092892130766456;1033.5168245171367;0.62861919002547484
0.64595000000000002;0;0.64890899999999996;1;313.14999999999998;0.00083926828393861893;1071.7110200801976;0.62861919002547484
1.272553;0;1.2662059999999999;1;313.14999999999998;0.0010916873893193687;1140.7555944678638;0.62861919002547484
2.2426300000000001;0;2.2378870000000002;1;313.14999999999998;0.0017944189588646898;1237.5206738202339;0.62861919002547484
0.33246300000000001;0;0.33268999999999999;1;313.14999999999998;0.00074232183237061232;1034.1436697759909;0.62861919002547484
0.69479599999999997;0;0.69464099999999995;1;313.14999999999998;0.00085504925886115178;1077.1249095773051;0.62861919002547484
0.98872099999999996;0;0.98692899999999995;1;313.14999999999998;0.00096506403457949396;1110.2557410820889;0.62861919002547484
1.267037;0;1.263997;1;313.14999999999998;0.0010901261926821685;1140.4115788798199;0.62861919002547484
1.6359049999999999;0;1.632679;1;313.14999999999998;0.0012981159917003365;1178.7221962399824;0.62861919002547484
1.889815;0;1.8906289999999999;1;313.14999999999998;0.0014802760223795522;1204.2535958348135;0.62861919002547484
0.19401399999999999;0;0.387513;1;313.14999999999998;0.00074422593230103167;1033.4745686250715;0.62861919002547484
0.38322600000000001;0;0.766185;1;313.14999999999998;0.00084478638989589122;1071.550921274953;0.62861919002547484
0.58968299999999996;0;1.177937;1;313.14999999999998;0.00097596180785478623;1111.0192140608528;0.62861919002547484
0.76693900000000004;0;1.5341590000000001;1;313.14999999999998;0.0011140144889362792;1143.5996865195291;0.62861919002547484
0.94906800000000002;0;1.898666;1;313.14999999999998;0.0012867480512766397;1175.5787591996943;0.62861919002547484
1.1296170000000001;0;2.2585099999999998;1;313.14999999999998;0.0014983847552579826;1205.8474543854659;0.62861919002547484
0.50051999999999996;0;0.25022800000000001;1;313.14999999999998;0.00073688974894805961;1033.5177227047707;0.62861919002547484
1.000532;0;0.50026899999999996;1;313.14999999999998;0.00083450908270791418;1072.4067574112833;0.62861919002547484
1.494273;0;0.747112;1;313.14999999999998;0.00095157493861815939;1108.9131715485282;0.62861919002547484
1.9639359999999999;0;0.98199899999999996;1;313.14999999999998;0.0010885458181103941;1142.049167010141;0.62861919002547484
2.434396;0;1.2172419999999999;1;313.14999999999998;0.0012591331802890733;1173.7749661691842;0.62861919002547484
2.904099;0;1.452061;1;313.14999999999998;0.0014738363436099221;1204.0651521337816;0.62861919002547484
0.60578500000000002;0;0.20195099999999999;1;313.14999999999998;0.00073431344266073598;1033.3562246096415;0.62861919002547484
1.203891;0;0.40130100000000002;1;313.14999999999998;0.00082847224733846939;1071.5503947902237;0.62861919002547484
1.801202;0;0.60044500000000001;1;313.14999999999998;0.0009427497304819154;1107.7369897046372;0.62861919002547484
2.3865910000000001;0;0.79551000000000005;1;313.14999999999998;0.0010807976684023008;1141.4595308170808;0.62861919002547484
2.962269;0;0.98746400000000001;1;313.14999999999998;0.001250114351995573;1173.0760415683408;0.62861919002547484
3.5288110000000001;0;1.1762919999999999;1;313.14999999999998;0.0014593338925680017;1202.77501285015;0.62861919002547484
0.381608;0;0.31434000000000001;1;313.14999999999998;0.00074193218846659644;1034.4579090530181;0.62861919002547484
0.75584099999999999;0;0.62238599999999999;1;313.14999999999998;0.000842586314919821;1073.5307313737017;0.62861919002547484
1.120155;0;0.92249999999999999;1;313.14999999999998;0.00096098774102093695;1109.8029289311351;0.62861919002547484
1.4715879999999999;0;1.211921;1;313.14999999999998;0.0011008387605020318;1143.2518953913645;0.62861919002547484
1.8223510000000001;0;1.50071;1;313.14999999999998;0.0012738594006439959;1175.2124192910971;0.62861919002547484
2.1687569999999998;0;1.7860670000000001;1;313.14999999999998;0.0014886935911689284;1205.4592792727701;0.62861919002547484
1.2008540000000001;0;0;1;313.14999999999998;0.00073585503051579865;1037.7557835341465;0.62861919002547484
2.3997869999999999;0;0;1;313.14999999999998;0.00083767702656207112;1079.1545219683719;0.62861919002547484
3.5929959999999999;0;0;1;313.14999999999998;0.00096124301966769778;1117.1117546503338;0.62861919002547484
4.7811979999999998;0;0;1;313.14999999999998;0.0011100904216372147;1152.1646770367336;0.62861919002547484
5.9617810000000002;0;0;1;313.14999999999998;0.001287623624549341;1184.6910905839163;0.62861919002547484
0;0;1.240167;1;313.14999999999998;0.00093058168286673266;1094.5412585799027;0.62861919002547484
0;0;2.3761890000000001;1;313.14999999999998;0.0013146210312912317;1176.9834378955504;0.62861919002547484
0;0;3.4164460000000001;1;313.14999999999998;0.0018761112772287532;1244.2990572400467;0.62861919002547484
0;0;4.3742989999999997;1;313.14999999999998;0.0027099037542062231;1299.7294383206936;0.62861919002547484
0;0;5.2621969999999996;1;313.14999999999998;0.0039394705644315246;1345.7342557443153;0.62861919002547484
0;0;0;1;323.14999999999998;0.00054685247248353116;988.04690057894709;0.6405141295344785
0.10019;0;0;1;323.14999999999998;0.00055240980858306359;992.01800960034564;0.6405141295344785
0.20080000000000001;0;0;1;323.14999999999998;0.00055807792465465626;995.94270198607126;0.6405141295344785
0.40001999999999999;0;0;1;323.14999999999998;0.00056956507012742206;1003.5893964285902;0.6405141295344785
0.70133000000000001;0;0;1;323.14999999999998;0.00058762351061902006;1014.89936756186;0.6405141295344785
0.99914000000000003;0;0;1;323.14999999999998;0.00060631346569686077;1025.8153221500613;0.6405141295344785
1.4993000000000001;0;0;1;323.14999999999998;0.00063968520575998519;1043.6189623409873;0.6405141295344785
2.0027900000000001;0;0;1;323.14999999999998;0.00067594981855791884;1060.9217995711717;0.6405141295344785
2.9996700000000001;0;0;1;323.14999999999998;0.00075644870369718294;1093.4980770616901;0.6405141295344785
3.99396;0;0;1;323.14999999999998;0.000849702691456511;1123.9469119530436;0.6405141295344785
4.9968899999999996;0;0;1;323.14999999999998;0.00095886691916721527;1152.779216965524;0.6405141295344785
5.9980000000000002;0;0;1;323.14999999999998;0.0010852168395427293;1179.8404750174645;0.6405141295344785
0;0;0;1;323.14999999999998;0.00054685247248353116;988.04690057894709;0.6405141295344785
0;0;0.051290000000000002;1;323.14999999999998;0.00055635298206659295;992.66337555175664;0.6405141295344785
0;0;0.097220000000000001;1;323.14999999999998;0.00056395618719055744;996.7221110192603;0.6405141295344785
0;0;0.17852000000000001;1;323.14999999999998;0.00057729958434661979;1003.8042854636861;0.6405141295344785
0;0;0.38279000000000002;1;323.14999999999998;0.00061146853884190165;1021.1912518261985;0.6405141295344785
0;0;0.75322999999999996;1;323.14999999999998;0.00067801159125846944;1051.607113606779;0.6405141295344785
0;0;1.5666899999999999;1;323.14999999999998;0.00085560497086973534;1114.338260556161;0.6405141295344785
0;0;2.1438600000000001;1;323.14999999999998;0.0010193114456033528;1155.8101211481678;0.6405141295344785
0;0;2.81501;1;323.14999999999998;0.0012668107110319529;1201.0412917009517;0.6405141295344785
0;0;3.9883500000000001;1;323.14999999999998;0.0019328231981361734;1272.6596795397377;0.6405141295344785
0;0;4.5321300000000004;1;323.14999999999998;0.0023979937907018505;1302.718816531863;0.6405141295344785
0;0;5.3151799999999998;1;323.14999999999998;0.0033362059669619494;1342.6049314583283;0.6405141295344785
0.085457000000000005;0;0.085682999999999995;1;323.14999999999998;0.00056617426058861667;999.08142344611019;0.6405141295344785
0.32490400000000003;0;0.32864900000000002;1;323.14999999999998;0.00062126710742178902;1029.0450120921196;0.6405141295344785
0.64595000000000002;0;0.64890899999999996;1;323.14999999999998;0.00070416235735084232;1066.9321634955611;0.6405141295344785
1.272553;0;1.2662059999999999;1;323.14999999999998;0.00091561278718185226;1135.4480552978555;0.6405141295344785
2.2426300000000001;0;2.2378870000000002;1;323.14999999999998;0.001498641132028834;1231.6174334635589;0.6405141295344785
0.33246300000000001;0;0.33268999999999999;1;323.14999999999998;0.00062245209236118512;1029.6662944100715;0.6405141295344785
0.69479599999999997;0;0.69464099999999995;1;323.14999999999998;0.00071743942655714253;1072.3023261076924;0.6405141295344785
0.98872099999999996;0;0.98692899999999995;1;323.14999999999998;0.00080974648713692994;1105.1738860765515;0.6405141295344785
1.267037;0;1.263997;1;323.14999999999998;0.0009143043825458856;1135.1067998805993;0.6405141295344785
1.6359049999999999;0;1.632679;1;323.14999999999998;0.0010875221406742798;1173.1579676346516;0.6405141295344785
1.889815;0;1.8906289999999999;1;323.14999999999998;0.0012387044271715544;1198.5333650756838;0.6405141295344785
0.19401399999999999;0;0.387513;1;323.14999999999998;0.00062359180251976077;1029.0351912723361;0.6405141295344785
0.38322600000000001;0;0.766185;1;323.14999999999998;0.0007079662707668719;1066.8298468868902;0.6405141295344785
0.58968299999999996;0;1.177937;1;323.14999999999998;0.00081771409678297745;1106.0101528607133;0.6405141295344785
0.76693900000000004;0;1.5341590000000001;1;323.14999999999998;0.00093289130124172691;1138.3664912178849;0.6405141295344785
0.94906800000000002;0;1.898666;1;323.14999999999998;0.001076631250117963;1170.1417845912158;0.6405141295344785
1.1296170000000001;0;2.2585099999999998;1;323.14999999999998;0.0012522865783977804;1200.234477680749;0.6405141295344785
0.50051999999999996;0;0.25022800000000001;1;323.14999999999998;0.00061844225086210949;1029.0047334856338;0.6405141295344785
1.000532;0;0.50026899999999996;1;323.14999999999998;0.00070116500009997169;1067.5635233619375;0.6405141295344785
1.494273;0;0.747112;1;323.14999999999998;0.00079971205370762087;1103.7801584561871;0.6405141295344785
1.9639359999999999;0;0.98199899999999996;1;323.14999999999998;0.0009143620635966754;1136.6767711057205;0.6405141295344785
2.434396;0;1.2172419999999999;1;323.14999999999998;0.0010564540238347721;1168.1954592313646;0.6405141295344785
2.904099;0;1.452061;1;323.14999999999998;0.0012345439723770977;1198.3060495879029;0.6405141295344785
0.60578500000000002;0;0.20195099999999999;1;323.14999999999998;0.00061660564042969506;1028.8206426911379;0.6405141295344785
1.203891;0;0.40130100000000002;1;323.14999999999998;0.00069664152724716001;1066.6862580434376;0.6405141295344785
1.801202;0;0.60044500000000001;1;323.14999999999998;0.00079298466036877892;1102.5931812524934;0.6405141295344785
2.3865910000000001;0;0.79551000000000005;1;323.14999999999998;0.00090856624512047847;1136.0848731581893;0.6405141295344785
2.962269;0;0.98746400000000001;1;323.14999999999998;0.001049520858542301;1167.506310069467;0.6405141295344785
3.5288110000000001;0;1.1762919999999999;1;323.14999999999998;0.0012229090739311178;1197.0322462640363;0.6405141295344785
0.381608;0;0.31434000000000001;1;323.14999999999998;0.00062228165451738856;1029.9669475498904;0.6405141295344785
0.75584099999999999;0;0.62238599999999999;1;323.14999999999998;0.0007072360589504658;1068.7196966536592;0.6405141295344785
1.120155;0;0.92249999999999999;1;323.14999999999998;0.00080668593999846049;1104.7044713459311;0.6405141295344785
1.4715879999999999;0;1.211921;1;323.14999999999998;0.00092364054491617261;1137.9059451399803;0.6405141295344785
1.8223510000000001;0;1.50071;1;323.14999999999998;0.001067760433385803;1169.6499552518958;0.6405141295344785
2.1687569999999998;0;1.7860670000000001;1;323.14999999999998;0.0012460608881879225;1199.7116693639639;0.6405141295344785
1.2008540000000001;0;0;1;323.14999999999998;0.00061946607024671106;1033.0725196173491;0.6405141295344785
2.3997869999999999;0;0;1;323.14999999999998;0.00070656322292371595;1074.1538654587828;0.6405141295344785
3.5929959999999999;0;0;1;323.14999999999998;0.00081041928594182235;1111.9010550844862;0.6405141295344785
4.7811979999999998;0;0;1;323.14999999999998;0.00093400050083363567;1146.7294149182273;0.6405141295344785
5.9617810000000002;0;0;1;323.14999999999998;0.0010803145814552095;1178.8895875467881;0.6405141295344785
0;0;1.240167;1;323.14999999999998;0.00077808377399008366;1089.7821294213206;0.6405141295344785
0;0;2.3761890000000001;1;323.14999999999998;0.0010969982888336448;1171.8264470888837;0.6405141295344785
0;0;3.4164460000000001;1;323.14999999999998;0.001561799402462992;1238.9189315691515;0.6405141295344785
0;0;4.3742989999999997;1;323.14999999999998;0.002249648751620717;1294.1953575295927;0.6405141295344785
0;0;5.2621969999999996;1;323.14999999999998;0.0032605205082518948;1340.0311263810443;0.6405141295344785
0;0;0;1;333.14999999999998;0.00046640274859215304;983.21003281023184;0.65081410981606824
0.10019;0;0;1;333.14999999999998;0.00047140290368003992;987.15131476524016;0.65081410981606824
0.20080000000000001;0;0;1;333.14999999999998;0.00047649126133118109;991.0445513484957;0.65081410981606824
0.40001999999999999;0;0;1;333.14999999999998;0.00048676960954350612;998.63008918024127;0.65081410981606824
0.70133000000000001;0;0;1;333.14999999999998;0.00050284258361152898;1009.8549430827792;0.65081410981606824
0.99914000000000003;0;0;1;333.14999999999998;0.00051937819407020037;1020.6974016436341;0.65081410981606824
1.4993000000000001;0;0;1;333.14999999999998;0.00054868366895189638;1038.40101093361;0.65081410981606824
2.0027900000000001;0;0;1;333.14999999999998;0.0005802586548048958;1055.6283441694427;0.65081410981606824
2.9996700000000001;0;0;1;333.14999999999998;0.00064957306876437004;1088.099875289749;0.65081410981606824
3.99396;0;0;1;333.14999999999998;0.00072893674611094008;1118.4450929934671;0.65081410981606824
4.9968899999999996;0;0;1;333.14999999999998;0.00082107270319400818;1147.0969407870314;0.65081410981606824
5.9980000000000002;0;0;1;333.14999999999998;0.00092720260271861115;1173.822285461953;0.65081410981606824
0;0;0;1;333.14999999999998;0.00046640274859215304;983.21003281023184;0.65081410981606824
0;0;0.051290000000000002;1;333.14999999999998;0.00047446985131479561;987.82650105484674;0.65081410981606824
0;0;0.097220000000000001;1;333.14999999999998;0.00048092390884481209;991.88005001931583;0.65081410981606824
0;0;0.17852000000000001;1;333.14999999999998;0.00049224905699180336;998.94788326384503;0.65081410981606824
0;0;0.38279000000000002;1;333.14999999999998;0.00052124243637148018;1016.2856028032836;0.65081410981606824
0;0;0.75322999999999996;1;333.14999999999998;0.00057767560082900627;1046.598381154073;0.65081410981606824
0;0;1.5666899999999999;1;333.14999999999998;0.00072808533511276507;1109.1237946070819;0.65081410981606824
0;0;2.1438600000000001;1;333.14999999999998;0.00086650232996240853;1150.4846703529429;0.65081410981606824
0;0;2.81501;1;333.14999999999998;0.0010754136618096139;1195.6166665561555;0.65081410981606824
0;0;3.9883500000000001;1;333.14999999999998;0.0016358203176184791;1267.0790517815665;0.65081410981606824
0;0;4.5321300000000004;1;333.14999999999998;0.0020259976185194417;1297.0411318677775;0.65081410981606824
0;0;5.3151799999999998;1;333.14999999999998;0.0028106362862574028;1336.7186290470561;0.65081410981606824
0.085457000000000005;0;0.085682999999999995;1;333.14999999999998;0.00048304798252401794;994.21576091863471;0.65081410981606824
0.32490400000000003;0;0.32864900000000002;1;333.14999999999998;0.00053045568649699737;1024.0547887401783;0.65081410981606824
0.64595000000000002;0;0.64890899999999996;1;333.14999999999998;0.00060156260519251528;1061.7637694319385;0.65081410981606824
1.272553;0;1.2662059999999999;1;333.14999999999998;0.00078188562744222043;1129.9795021045384;0.65081410981606824
2.2426300000000001;0;2.2378870000000002;1;333.14999999999998;0.0012746707574956384;1225.845302658423;0.65081410981606824
0.33246300000000001;0;0.33268999999999999;1;333.14999999999998;0.00053148102479800966;1024.6727609056161;0.65081410981606824
0.69479599999999997;0;0.69464099999999995;1;333.14999999999998;0.00061293128193551935;1067.108485587217;0.65081410981606824
0.98872099999999996;0;0.98692899999999995;1;333.14999999999998;0.00069176780129460796;1099.8311500616053;0.65081410981606824
1.267037;0;1.263997;1;333.14999999999998;0.0007807691598606248;1129.6397657039497;0.65081410981606824
1.6359049999999999;0;1.632679;1;333.14999999999998;0.00092768538527887199;1167.5527054434667;0.65081410981606824
1.889815;0;1.8906289999999999;1;333.14999999999998;0.0010555035866467298;1192.8491766023913;0.65081410981606824
0.19401399999999999;0;0.387513;1;333.14999999999998;0.00053207525473857899;1024.069842772938;0.65081410981606824
0.38322600000000001;0;0.766185;1;333.14999999999998;0.00060412719902446421;1061.7025154008231;0.65081410981606824
0.58968299999999996;0;1.177937;1;333.14999999999998;0.00069759835062259998;1100.7158060985378;0.65081410981606824
0.76693900000000004;0;1.5341590000000001;1;333.14999999999998;0.00079543727956660583;1132.9443483262321;0.65081410981606824
0.94906800000000002;0;1.898666;1;333.14999999999998;0.0009172476548172081;1164.606193764622;0.65081410981606824
1.1296170000000001;0;2.2585099999999998;1;333.14999999999998;0.001065746748633682;1194.6032560939152;0.65081410981606824
0.50051999999999996;0;0.25022800000000001;1;333.14999999999998;0.00052851111495859869;1023.9818212020815;0.65081410981606824
1.000532;0;0.50026899999999996;1;333.14999999999998;0.00059982913069770924;1062.3494628656313;0.65081410981606824
1.494273;0;0.747112;1;333.14999999999998;0.00068426313758990903;1098.4047695596512;0.65081410981606824
1.9639359999999999;0;0.98199899999999996;1;333.14999999999998;0.00078196981874052143;1131.1753650508922;0.65081410981606824
2.434396;0;1.2172419999999999;1;333.14999999999998;0.00090250990157454236;1162.5910069984468;0.65081410981606824
2.904099;0;1.452061;1;333.14999999999998;0.0010530038318725939;1192.615614765843;0.65081410981606824
0.60578500000000002;0;0.20195099999999999;1;333.14999999999998;0.00052721257426392547;1023.7789252449276;0.65081410981606824
1.203891;0;0.40130100000000002;1;333.14999999999998;0.00059641655502020645;1061.4554780172425;0.65081410981606824
1.801202;0;0.60044500000000001;1;333.14999999999998;0.00067908118541671041;1097.2110193715966;0.65081410981606824
2.3865910000000001;0;0.79551000000000005;1;333.14999999999998;0.00077760746603703593;1130.5859305130327;0.65081410981606824
2.962269;0;0.98746400000000001;1;333.14999999999998;0.00089711958435341444;1161.9122011047125;0.65081410981606824
3.5288110000000001;0;1.1762919999999999;1;333.14999999999998;0.0010435184928974225;1191.3505435682105;0.65081410981606824
0.381608;0;0.31434000000000001;1;333.14999999999998;0.00053146510854545578;1024.9633037653778;0.65081410981606824
0.75584099999999999;0;0.62238599999999999;1;333.14999999999998;0.00060442774028157046;1063.5302413559409;0.65081410981606824
1.120155;0;0.92249999999999999;1;333.14999999999998;0.00068945212337138918;1099.3508573051756;0.65081410981606824
1.4715879999999999;0;1.211921;1;333.14999999999998;0.00078903398137307392;1132.4162886177517;0.65081410981606824
1.8223510000000001;0;1.50071;1;333.14999999999998;0.00091129262447615814;1164.0470367587864;0.65081410981606824
2.1687569999999998;0;1.7860670000000001;1;333.14999999999998;0.0010620418607899329;1194.0171094136667;0.65081410981606824
1.2008540000000001;0;0;1;333.14999999999998;0.00053095977860387117;1027.9108735111574;0.65081410981606824
2.3997869999999999;0;0;1;333.14999999999998;0.00060673006684275679;1068.8139566305188;0.65081410981606824
3.5929959999999999;0;0;1;333.14999999999998;0.00069559997721118857;1106.4456680101982;0.65081410981606824
4.7811979999999998;0;0;1;333.14999999999998;0.0008001353912914709;1141.0963794747577;0.65081410981606824
5.9617810000000002;0;0;1;333.14999999999998;0.00092308959288557688;1172.8871801465721;0.65081410981606824
0;0;1.240167;1;333.14999999999998;0.0006624650563916858;1084.643748772716;0.65081410981606824
0;0;2.3761890000000001;1;333.14999999999998;0.0009321204139808671;1166.4637707898448;0.65081410981606824
0;0;3.4164460000000001;1;333.14999999999998;0.0013239194386713761;1233.417578572916;0.65081410981606824
0;0;4.3742989999999997;1;333.14999999999998;0.0019016625497765508;1288.5489505078931;0.65081410981606824
0;0;5.2621969999999996;1;333.14999999999998;0.002747438935576984;1334.1623022335632;0.65081410981606824
0;0;0;1;343.14999999999998;0.00040390029395509736;977.77871134638167;0.65961484452388652
0.10019;0;0;1;343.14999999999998;0.00040844618537131511;981.70491855087573;0.65961484452388652
0.20080000000000001;0;0;1;343.14999999999998;0.00041306333768225084;985.58089706038572;0.65961484452388652
0.40001999999999999;0;0;1;343.14999999999998;0.00042236337303539926;993.13224579495125;0.65961484452388652
0.70133000000000001;0;0;1;343.14999999999998;0.00043683931996815734;1004.3104715236208;0.65961484452388652
0.99914000000000003;0;0;1;343.14999999999998;0.00045165272326200278;1015.1150895072217;0.65961484452388652
1.4993000000000001;0;0;1;343.14999999999998;0.00047772927178781782;1032.773552329958;0.65961484452388652
2.0027900000000001;0;0;1;343.14999999999998;0.00050560517229342953;1049.9744418036321;0.65961484452388652
2.9996700000000001;0;0;1;343.14999999999998;0.00056616628776017452;1082.4199413062831;0.65961484452388652
3.99396;0;0;1;343.14999999999998;0.00063474723266962929;1112.7150420941564;0.65961484452388652
4.9968899999999996;0;0;1;343.14999999999998;0.00071375658768762791;1141.2142548065322;0.65961484452388652
5.9980000000000002;0;0;1;343.14999999999998;0.00080439867404842819;1167.6047162607185;0.65961484452388652
0;0;0;1;343.14999999999998;0.00040390029395509736;977.77871134638167;0.65961484452388652
0;0;0.051290000000000002;1;343.14999999999998;0.00041085164115301143;982.40814053929284;0.65961484452388652
0;0;0.097220000000000001;1;343.14999999999998;0.00041641123997189549;986.46742373548147;0.65961484452388652
0;0;0.17852000000000001;1;343.14999999999998;0.00042616568686626736;993.53945013631562;0.65961484452388652
0;0;0.38279000000000002;1;343.14999999999998;0.00045113262184457977;1010.871807870745;0.65961484452388652
0;0;0.75322999999999996;1;343.14999999999998;0.00049970615018037924;1041.1549010984211;0.65961484452388652
0;0;1.5666899999999999;1;343.14999999999998;0.00062901216559045105;1103.6140270966152;0.65961484452388652
0;0;2.1438600000000001;1;343.14999999999998;0.00074782450720460548;1144.9439660476212;0.65961484452388652
0;0;2.81501;1;343.14999999999998;0.00092685667580460541;1190.046835165748;0.65961484452388652
0;0;3.9883500000000001;1;343.14999999999998;0.0014055873105126928;1261.4046625767696;0.65961484452388652
0;0;4.5321300000000004;1;343.14999999999998;0.0017377732179062716;1291.2582729995891;0.65961484452388652
0;0;5.3151799999999998;1;343.14999999999998;0.0024035384373692369;1330.6669178491832;0.65961484452388652
0.085457000000000005;0;0.085682999999999995;1;343.14999999999998;0.00041844443724156904;988.78960550015495;0.65961484452388652
0.32490400000000003;0;0.32864900000000002;1;343.14999999999998;0.00045982534600664876;1018.5928272443489;0.65961484452388652
0.64595000000000002;0;0.64890899999999996;1;343.14999999999998;0.00052171040834746922;1056.2344426118545;0.65961484452388652
1.272553;0;1.2662059999999999;1;343.14999999999998;0.00067778893401728986;1124.3475512832488;0.65961484452388652
2.2426300000000001;0;2.2378870000000002;1;343.14999999999998;0.0011008085161137561;1220.1666874071718;0.65961484452388652
0.33246300000000001;0;0.33268999999999999;1;343.14999999999998;0.0004607250809440866;1019.2094186678249;0.65961484452388652
0.69479599999999997;0;0.69464099999999995;1;343.14999999999998;0.0005315882300647904;1061.5694359234462;0.65961484452388652
0.98872099999999996;0;0.98692899999999995;1;343.14999999999998;0.0005999205754026938;1094.2384250076736;0.65961484452388652
1.267037;0;1.263997;1;343.14999999999998;0.00067682188340841888;1124.0082715339001;0.65961484452388652
1.6359049999999999;0;1.632679;1;343.14999999999998;0.00080333997533085474;1161.8888657531311;0.65961484452388652
1.889815;0;1.8906289999999999;1;343.14999999999998;0.00091308830724537199;1187.1742654668367;0.65961484452388652
0.19401399999999999;0;0.387513;1;343.14999999999998;0.00046092184472196559;1018.6266485877235;0.65961484452388652
0.38322600000000001;0;0.766185;1;343.14999999999998;0.00052335897123032232;1056.2010825162049;0.65961484452388652
0.58968299999999996;0;1.177937;1;343.14999999999998;0.00060415673231746915;1095.1530242180502;0.65961484452388652
0.76693900000000004;0;1.5341590000000001;1;343.14999999999998;0.00068852406293796987;1127.3387563988767;0.65961484452388652
0.94906800000000002;0;1.898666;1;343.14999999999998;0.00079332967091174387;1158.9675719384988;0.65961484452388652
1.1296170000000001;0;2.2585099999999998;1;343.14999999999998;0.00092081477716793965;1188.9411305822384;0.65961484452388652
0.50051999999999996;0;0.25022800000000001;1;343.14999999999998;0.00045853349205143536;1018.4938281548932;0.65961484452388652
1.000532;0;0.50026899999999996;1;343.14999999999998;0.00052090305374955523;1056.7888602197118;0.65961484452388652
1.494273;0;0.747112;1;343.14999999999998;0.00059431191633100861;1092.7922562003444;0.65961484452388652
1.9639359999999999;0;0.98199899999999996;1;343.14999999999998;0.00067883291326112643;1125.5337558210294;0.65961484452388652
2.434396;0;1.2172419999999999;1;343.14999999999998;0.00078265980129358769;1156.9359061655039;0.65961484452388652
2.904099;0;1.452061;1;343.14999999999998;0.00091182520215897479;1186.955855435627;0.65961484452388652
0.60578500000000002;0;0.20195099999999999;1;343.14999999999998;0.00045763541554395273;1018.2749431964689;0.65961484452388652
1.203891;0;0.40130100000000002;1;343.14999999999998;0.00051832534640095245;1055.8807352924628;0.65961484452388652
1.801202;0;0.60044500000000001;1;343.14999999999998;0.0005902959386719671;1091.5935322568159;0.65961484452388652
2.3865910000000001;0;0.79551000000000005;1;343.14999999999998;0.00067554852869875794;1124.9486203788019;0.65961484452388652
2.962269;0;0.98746400000000001;1;343.14999999999998;0.00077843980383026008;1156.265359681692;0.65961484452388652
3.5288110000000001;0;1.1762919999999999;1;343.14999999999998;0.00090399463637967615;1185.6903405785292;0.65961484452388652
0.381608;0;0.31434000000000001;1;343.14999999999998;0.00046082018469951449;1019.492679414565;0.65961484452388652
0.75584099999999999;0;0.62238599999999999;1;343.14999999999998;0.00052439526953797547;1057.9889568669896;0.65961484452388652
1.120155;0;0.92249999999999999;1;343.14999999999998;0.00059816398480403376;1093.7513451378597;0.65961484452388652
1.4715879999999999;0;1.211921;1;343.14999999999998;0.00068423187222632078;1126.776985760556;0.65961484452388652
1.8223510000000001;0;1.50071;1;343.14999999999998;0.00078953520488601176;1158.3842213583371;0.65961484452388652
2.1687569999999998;0;1.7860670000000001;1;343.14999999999998;0.00091897840114818919;1188.3445424800707;0.65961484452388652
1.2008540000000001;0;0;1;343.14999999999998;0.00046198388102390147;1022.3077132081683;0.65961484452388652
2.3997869999999999;0;0;1;343.14999999999998;0.00052882543139637123;1063.1479032250231;0.65961484452388652
3.5929959999999999;0;0;1;343.14999999999998;0.00060601703818487739;1100.7435346336938;0.65961484452388652
4.7811979999999998;0;0;1;343.14999999999998;0.00069584054448099954;1135.2592025680835;0.65961484452388652
5.9617810000000002;0;0;1;343.14999999999998;0.00080088848079778834;1166.6858228799911;0.65961484452388652
0;0;1.240167;1;343.14999999999998;0.0005726263939866878;1079.1576265822537;0.65961484452388652
0;0;2.3761890000000001;1;343.14999999999998;0.00080409386253081996;1160.9130730181282;0.65961484452388652
0;0;3.4164460000000001;1;343.14999999999998;0.0011394028884354139;1227.8096185442039;0.65961484452388652
0;0;4.3742989999999997;1;343.14999999999998;0.0016320071309708997;1282.8031598573662;0.65961484452388652
0;0;5.2621969999999996;1;343.14999999999998;0.0023500154496549274;1328.1338465373481;0.65961484452388652
0;0;0;1;353.14999999999998;0.0003543546742618449;971.80230712107596;0.66699624066652652
0.10019;0;0;1;353.14999999999998;0.00035852375473479584;975.72653591088374;0.66699624066652652
0.20080000000000001;0;0;1;353.14999999999998;0.00036275111373397316;979.59774018777341;0.66699624066652652
0.40001999999999999;0;0;1;353.14999999999998;0.00037124491100773747;987.13842697228711;0.66699624066652652
0.70133000000000001;0;0;1;353.14999999999998;0.00038441202501911904;998.30330905350002;0.66699624066652652
0.99914000000000003;0;0;1;353.14999999999998;0.0003978219655369789;1009.1006926505634;0.66699624066652652
1.4993000000000001;0;0;1;353.14999999999998;0.00042128359103530213;1026.7608147163762;0.66699624066652652
2.0027900000000001;0;0;1;353.14999999999998;0.00044618285797191882;1043.9769082404705;0.66699624066652652
2.9996700000000001;0;0;1;353.14999999999998;0.00049975396630216743;1076.4633016383661;0.66699624066652652
3.99396;0;0;1;353.14999999999998;0.00055979458403805486;1106.7548510619952;0.66699624066652652
4.9968899999999996;0;0;1;353.14999999999998;0.00062848173950871182;1135.1281589469443;0.66699624066652652
5.9980000000000002;0;0;1;353.14999999999998;0.00070702605362307931;1161.1905133629912;0.66699624066652652
0;0;0;1;353.14999999999998;0.0003543546742618449;971.80230712107596;0.66699624066652652
0;0;0.051290000000000002;1;353.14999999999998;0.00036041988018015002;976.45659146418302;0.66699624066652652
0;0;0.097220000000000001;1;353.14999999999998;0.00036526911623747737;980.53150225184652;0.66699624066652652
0;0;0.17852000000000001;1;353.14999999999998;0.00037377631986321543;987.62439834872384;0.66699624066652652
0;0;0.38279000000000002;1;353.14999999999998;0.00039554706942278604;1004.9906523358219;0.66699624066652652
0;0;0.75322999999999996;1;353.14999999999998;0.0004378858182425674;1035.3097818084768;0.66699624066652652
0;0;1.5666899999999999;1;353.14999999999998;0.00055047354249244495;1097.8296606423914;0.66699624066652652
0;0;2.1438600000000001;1;353.14999999999998;0.00065377757628381659;1139.2035687526318;0.66699624066652652
0;0;2.81501;1;353.14999999999998;0.00080920150452583404;1184.3444017484837;0.66699624066652652
0;0;3.9883500000000001;1;353.14999999999998;0.0012234745683032625;1255.6478853687433;0.66699624066652652
0;0;4.5321300000000004;1;353.14999999999998;0.0015098986973244189;1285.3808159827074;0.66699624066652652
0;0;5.3151799999999998;1;353.14999999999998;0.0020817521265347519;1324.4566602402983;0.66699624066652652
0.085457000000000005;0;0.085682999999999995;1;353.14999999999998;0.00036721631752097546;982.84907141164729;0.66699624066652652
0.32490400000000003;0;0.32864900000000002;1;353.14999999999998;0.00040377551316345399;1012.6954749638198;0.66699624066652652
0.64595000000000002;0;0.64890899999999996;1;353.14999999999998;0.00045829966975314298;1050.3677690122788;0.66699624066652652
1.272553;0;1.2662059999999999;1;353.14999999999998;0.00059510665682426184;1118.5536396273596;0.66699624066652652
2.2426300000000001;0;2.2378870000000002;1;353.14999999999998;0.00096307000438704759;1214.5576529747827;0.66699624066652652
0.33246300000000001;0;0.33268999999999999;1;353.14999999999998;0.00040457443891248957;1013.3123886552451;0.66699624066652652
0.69479599999999997;0;0.69464099999999995;1;353.14999999999998;0.00046698903123859245;1055.7069460999776;0.66699624066652652
0.98872099999999996;0;0.98692899999999995;1;353.14999999999998;0.00052696242759652195;1088.4066649627973;0.66699624066652652
1.267037;0;1.263997;1;353.14999999999998;0.00059425832543621429;1118.213881682856;0.66699624066652652
1.6359049999999999;0;1.632679;1;353.14999999999998;0.00070462929800993175;1156.1569774300472;0.66699624066652652
1.889815;0;1.8906289999999999;1;353.14999999999998;0.00080011194659018747;1181.4925112955277;0.66699624066652652
0.19401399999999999;0;0.387513;1;353.14999999999998;0.00040447679150796097;1012.7429405989811;0.66699624066652652
0.38322600000000001;0;0.766185;1;353.14999999999998;0.00045925899246985412;1050.351536391159;0.66699624066652652
0.58968299999999996;0;1.177937;1;353.14999999999998;0.00052998693418709192;1089.3367980048106;0.66699624066652652
0.76693900000000004;0;1.5341590000000001;1;353.14999999999998;0.00060367189110514341;1121.5564995762827;0.66699624066652652
0.94906800000000002;0;1.898666;1;353.14999999999998;0.0006950197175277428;1153.2255195861187;0.66699624066652652
1.1296170000000001;0;2.2585099999999998;1;353.14999999999998;0.00080590760077337638;1183.2417318471344;0.66699624066652652
0.50051999999999996;0;0.25022800000000001;1;353.14999999999998;0.00040297659027204482;1012.5758144199883;0.66699624066652652
1.000532;0;0.50026899999999996;1;353.14999999999998;0.00045818242537739603;1050.9022706406788;0.66699624066652652
1.494273;0;0.747112;1;353.14999999999998;0.00052280189823629821;1086.9496197118124;0.66699624066652652
1.9639359999999999;0;0.98199899999999996;1;353.14999999999998;0.00059684995317435595;1119.7471651943383;0.66699624066652652
2.434396;0;1.2172419999999999;1;353.14999999999998;0.0006874476841052863;1151.2149346591939;0.66699624066652652
2.904099;0;1.452061;1;353.14999999999998;0.00079978623643698493;1181.3026619725574;0.66699624066652652
0.60578500000000002;0;0.20195099999999999;1;353.14999999999998;0.00040238216898448657;1012.3430472758604;0.66699624066652652
1.203891;0;0.40130100000000002;1;353.14999999999998;0.00045624431925737202;1049.9814067741204;0.66699624066652652
1.801202;0;0.60044500000000001;1;353.14999999999998;0.00051968291226967586;1085.746078824543;0.66699624066652652
2.3865910000000001;0;0.79551000000000005;1;353.14999999999998;0.00059439218127204578;1119.1660170398136;0.66699624066652652
2.962269;0;0.98746400000000001;1;353.14999999999998;0.00068413395020153992;1150.5485532309251;0.66699624066652652
3.5288110000000001;0;1.1762919999999999;1;353.14999999999998;0.00079325780020161874;1180.0262564783418;0.66699624066652652
0.381608;0;0.31434000000000001;1;353.14999999999998;0.00040475045661872715;1013.5907454985933;0.66699624066652652
0.75584099999999999;0;0.62238599999999999;1;353.14999999999998;0.00046082718606059312;1052.1180221047844;0.66699624066652652
1.120155;0;0.92249999999999999;1;353.14999999999998;0.00052563351888418124;1087.9157626278688;0.66699624066652652
1.4715879999999999;0;1.211921;1;353.14999999999998;0.00060097244379799051;1120.9869763780459;0.66699624066652652
1.8223510000000001;0;1.50071;1;353.14999999999998;0.00069285317917587087;1152.6507402065931;0.66699624066652652
2.1687569999999998;0;1.7860670000000001;1;353.14999999999998;0.00080547732655681487;1182.6748246844049;0.66699624066652652
1.2008540000000001;0;0;1;353.14999999999998;0.00040713824818915318;1016.2920161442291;0.66699624066652652
2.3997869999999999;0;0;1;353.14999999999998;0.00046679936370933901;1057.1673184186182;0.66699624066652652
3.5929959999999999;0;0;1;353.14999999999998;0.00053470516032321749;1094.7948956341577;0.66699624066652652
4.7811979999999998;0;0;1;353.14999999999998;0.0006129353085460328;1129.2145714883293;0.66699624066652652
5.9617810000000002;0;0;1;353.14999999999998;0.00070398531057860956;1160.2879243253321;0.66699624066652652
0;0;1.240167;1;353.14999999999998;0.00050139971141218136;1073.3486838096692;0.66699624066652652
0;0;2.3761890000000001;1;353.14999999999998;0.00070265727248757523;1155.1885756102977;0.66699624066652652
0;0;3.4164460000000001;1;353.14999999999998;0.00099336160433942475;1222.1067649480071;0.66699624066652652
0;0;4.3742989999999997;1;353.14999999999998;0.0014187879239919016;1276.9688933827379;0.66699624066652652
0;0;5.2621969999999996;1;353.14999999999998;0.0020358791721733463;1321.9530102184376;0.66699624066652652
